Country Name,Country Code,Series Name,Series Code,2002 [YR2002]
Afghanistan,AFG,"Mortality rate, adult, male (per 1,000 male adults)",SP.DYN.AMRT.MA,331.54
Afghanistan,AFG,"Mortality rate, adult, female (per 1,000 female adults)",SP.DYN.AMRT.FE,282.338
Africa Eastern and Southern,AFE,"Mortality rate, adult, male (per 1,000 male adults)",SP.DYN.AMRT.MA,438.927030657566
Africa Eastern and Southern,AFE,"Mortality rate, adult, female (per 1,000 female adults)",SP.DYN.AMRT.FE,379.39752605872
Africa Western and Central,AFW,"Mortality rate, adult, male (per 1,000 male adults)",SP.DYN.AMRT.MA,386.787667005518
Africa Western and Central,AFW,"Mortality rate, adult, female (per 1,000 female adults)",SP.DYN.AMRT.FE,346.615116000477
Albania,ALB,"Mortality rate, adult, male (per 1,000 male adults)",SP.DYN.AMRT.MA,107.491
Albania,ALB,"Mortality rate, adult, female (per 1,000 female adults)",SP.DYN.AMRT.FE,56.949
Algeria,DZA,"Mortality rate, adult, male (per 1,000 male adults)",SP.DYN.AMRT.MA,147.159
Algeria,DZA,"Mortality rate, adult, female (per 1,000 female adults)",SP.DYN.AMRT.FE,115.008
American Samoa,ASM,"Mortality rate, adult, male (per 1,000 male adults)",SP.DYN.AMRT.MA,..
American Samoa,ASM,"Mortality rate, adult, female (per 1,000 female adults)",SP.DYN.AMRT.FE,..
Andorra,AND,"Mortality rate, adult, male (per 1,000 male adults)",SP.DYN.AMRT.MA,..
Andorra,AND,"Mortality rate, adult, female (per 1,000 female adults)",SP.DYN.AMRT.FE,..
Angola,AGO,"Mortality rate, adult, male (per 1,000 male adults)",SP.DYN.AMRT.MA,454.962
Angola,AGO,"Mortality rate, adult, female (per 1,000 female adults)",SP.DYN.AMRT.FE,348.413
Antigua and Barbuda,ATG,"Mortality rate, adult, male (per 1,000 male adults)",SP.DYN.AMRT.MA,150.197
Antigua and Barbuda,ATG,"Mortality rate, adult, female (per 1,000 female adults)",SP.DYN.AMRT.FE,88.35
Arab World,ARB,"Mortality rate, adult, male (per 1,000 male adults)",SP.DYN.AMRT.MA,205.346198643372
Arab World,ARB,"Mortality rate, adult, female (per 1,000 female adults)",SP.DYN.AMRT.FE,146.940258105647
Argentina,ARG,"Mortality rate, adult, male (per 1,000 male adults)",SP.DYN.AMRT.MA,174.967
Argentina,ARG,"Mortality rate, adult, female (per 1,000 female adults)",SP.DYN.AMRT.FE,95.58
Armenia,ARM,"Mortality rate, adult, male (per 1,000 male adults)",SP.DYN.AMRT.MA,218.658
Armenia,ARM,"Mortality rate, adult, female (per 1,000 female adults)",SP.DYN.AMRT.FE,96.961
Aruba,ABW,"Mortality rate, adult, male (per 1,000 male adults)",SP.DYN.AMRT.MA,166.186
Aruba,ABW,"Mortality rate, adult, female (per 1,000 female adults)",SP.DYN.AMRT.FE,83.823
Australia,AUS,"Mortality rate, adult, male (per 1,000 male adults)",SP.DYN.AMRT.MA,90.801
Australia,AUS,"Mortality rate, adult, female (per 1,000 female adults)",SP.DYN.AMRT.FE,53.059
Austria,AUT,"Mortality rate, adult, male (per 1,000 male adults)",SP.DYN.AMRT.MA,120.026
Austria,AUT,"Mortality rate, adult, female (per 1,000 female adults)",SP.DYN.AMRT.FE,58.829
Azerbaijan,AZE,"Mortality rate, adult, male (per 1,000 male adults)",SP.DYN.AMRT.MA,258.787
Azerbaijan,AZE,"Mortality rate, adult, female (per 1,000 female adults)",SP.DYN.AMRT.FE,124.554
"Bahamas, The",BHS,"Mortality rate, adult, male (per 1,000 male adults)",SP.DYN.AMRT.MA,238.087
"Bahamas, The",BHS,"Mortality rate, adult, female (per 1,000 female adults)",SP.DYN.AMRT.FE,140.426
Bahrain,BHR,"Mortality rate, adult, male (per 1,000 male adults)",SP.DYN.AMRT.MA,105.484
Bahrain,BHR,"Mortality rate, adult, female (per 1,000 female adults)",SP.DYN.AMRT.FE,79.281
Bangladesh,BGD,"Mortality rate, adult, male (per 1,000 male adults)",SP.DYN.AMRT.MA,185.6
Bangladesh,BGD,"Mortality rate, adult, female (per 1,000 female adults)",SP.DYN.AMRT.FE,155.796
Barbados,BRB,"Mortality rate, adult, male (per 1,000 male adults)",SP.DYN.AMRT.MA,162.735
Barbados,BRB,"Mortality rate, adult, female (per 1,000 female adults)",SP.DYN.AMRT.FE,99.83
Belarus,BLR,"Mortality rate, adult, male (per 1,000 male adults)",SP.DYN.AMRT.MA,383.421
Belarus,BLR,"Mortality rate, adult, female (per 1,000 female adults)",SP.DYN.AMRT.FE,137.368
Belgium,BEL,"Mortality rate, adult, male (per 1,000 male adults)",SP.DYN.AMRT.MA,124.715
Belgium,BEL,"Mortality rate, adult, female (per 1,000 female adults)",SP.DYN.AMRT.FE,66.905
Belize,BLZ,"Mortality rate, adult, male (per 1,000 male adults)",SP.DYN.AMRT.MA,256.73
Belize,BLZ,"Mortality rate, adult, female (per 1,000 female adults)",SP.DYN.AMRT.FE,165.588
Benin,BEN,"Mortality rate, adult, male (per 1,000 male adults)",SP.DYN.AMRT.MA,305.086
Benin,BEN,"Mortality rate, adult, female (per 1,000 female adults)",SP.DYN.AMRT.FE,258.765
Bermuda,BMU,"Mortality rate, adult, male (per 1,000 male adults)",SP.DYN.AMRT.MA,110.416
Bermuda,BMU,"Mortality rate, adult, female (per 1,000 female adults)",SP.DYN.AMRT.FE,65.517
Bhutan,BTN,"Mortality rate, adult, male (per 1,000 male adults)",SP.DYN.AMRT.MA,242.673
Bhutan,BTN,"Mortality rate, adult, female (per 1,000 female adults)",SP.DYN.AMRT.FE,197.341
Bolivia,BOL,"Mortality rate, adult, male (per 1,000 male adults)",SP.DYN.AMRT.MA,258.73
Bolivia,BOL,"Mortality rate, adult, female (per 1,000 female adults)",SP.DYN.AMRT.FE,179.223
Bosnia and Herzegovina,BIH,"Mortality rate, adult, male (per 1,000 male adults)",SP.DYN.AMRT.MA,155.042
Bosnia and Herzegovina,BIH,"Mortality rate, adult, female (per 1,000 female adults)",SP.DYN.AMRT.FE,79.721
Botswana,BWA,"Mortality rate, adult, male (per 1,000 male adults)",SP.DYN.AMRT.MA,618.624
Botswana,BWA,"Mortality rate, adult, female (per 1,000 female adults)",SP.DYN.AMRT.FE,532.133
Brazil,BRA,"Mortality rate, adult, male (per 1,000 male adults)",SP.DYN.AMRT.MA,227.348
Brazil,BRA,"Mortality rate, adult, female (per 1,000 female adults)",SP.DYN.AMRT.FE,115.572
British Virgin Islands,VGB,"Mortality rate, adult, male (per 1,000 male adults)",SP.DYN.AMRT.MA,123.741
British Virgin Islands,VGB,"Mortality rate, adult, female (per 1,000 female adults)",SP.DYN.AMRT.FE,85.543
Brunei Darussalam,BRN,"Mortality rate, adult, male (per 1,000 male adults)",SP.DYN.AMRT.MA,154.119
Brunei Darussalam,BRN,"Mortality rate, adult, female (per 1,000 female adults)",SP.DYN.AMRT.FE,106.505
Bulgaria,BGR,"Mortality rate, adult, male (per 1,000 male adults)",SP.DYN.AMRT.MA,218.165
Bulgaria,BGR,"Mortality rate, adult, female (per 1,000 female adults)",SP.DYN.AMRT.FE,93.926
Burkina Faso,BFA,"Mortality rate, adult, male (per 1,000 male adults)",SP.DYN.AMRT.MA,365.523
Burkina Faso,BFA,"Mortality rate, adult, female (per 1,000 female adults)",SP.DYN.AMRT.FE,295.917
Burundi,BDI,"Mortality rate, adult, male (per 1,000 male adults)",SP.DYN.AMRT.MA,436.177
Burundi,BDI,"Mortality rate, adult, female (per 1,000 female adults)",SP.DYN.AMRT.FE,353.989
Cabo Verde,CPV,"Mortality rate, adult, male (per 1,000 male adults)",SP.DYN.AMRT.MA,239.94
Cabo Verde,CPV,"Mortality rate, adult, female (per 1,000 female adults)",SP.DYN.AMRT.FE,122.703
Cambodia,KHM,"Mortality rate, adult, male (per 1,000 male adults)",SP.DYN.AMRT.MA,284.663
Cambodia,KHM,"Mortality rate, adult, female (per 1,000 female adults)",SP.DYN.AMRT.FE,218.723
Cameroon,CMR,"Mortality rate, adult, male (per 1,000 male adults)",SP.DYN.AMRT.MA,391.114
Cameroon,CMR,"Mortality rate, adult, female (per 1,000 female adults)",SP.DYN.AMRT.FE,342.096
Canada,CAN,"Mortality rate, adult, male (per 1,000 male adults)",SP.DYN.AMRT.MA,96.835
Canada,CAN,"Mortality rate, adult, female (per 1,000 female adults)",SP.DYN.AMRT.FE,59.492
Caribbean small states,CSS,"Mortality rate, adult, male (per 1,000 male adults)",SP.DYN.AMRT.MA,265.804585229889
Caribbean small states,CSS,"Mortality rate, adult, female (per 1,000 female adults)",SP.DYN.AMRT.FE,166.695862787114
Cayman Islands,CYM,"Mortality rate, adult, male (per 1,000 male adults)",SP.DYN.AMRT.MA,..
Cayman Islands,CYM,"Mortality rate, adult, female (per 1,000 female adults)",SP.DYN.AMRT.FE,..
Central African Republic,CAF,"Mortality rate, adult, male (per 1,000 male adults)",SP.DYN.AMRT.MA,559.382
Central African Republic,CAF,"Mortality rate, adult, female (per 1,000 female adults)",SP.DYN.AMRT.FE,525.764
Central Europe and the Baltics,CEB,"Mortality rate, adult, male (per 1,000 male adults)",SP.DYN.AMRT.MA,221.38922594975
Central Europe and the Baltics,CEB,"Mortality rate, adult, female (per 1,000 female adults)",SP.DYN.AMRT.FE,91.0499448311479
Chad,TCD,"Mortality rate, adult, male (per 1,000 male adults)",SP.DYN.AMRT.MA,411.054
Chad,TCD,"Mortality rate, adult, female (per 1,000 female adults)",SP.DYN.AMRT.FE,374.774
Channel Islands,CHI,"Mortality rate, adult, male (per 1,000 male adults)",SP.DYN.AMRT.MA,81.591
Channel Islands,CHI,"Mortality rate, adult, female (per 1,000 female adults)",SP.DYN.AMRT.FE,51.882
Chile,CHL,"Mortality rate, adult, male (per 1,000 male adults)",SP.DYN.AMRT.MA,134.721
Chile,CHL,"Mortality rate, adult, female (per 1,000 female adults)",SP.DYN.AMRT.FE,66.832
China,CHN,"Mortality rate, adult, male (per 1,000 male adults)",SP.DYN.AMRT.MA,143.119
China,CHN,"Mortality rate, adult, female (per 1,000 female adults)",SP.DYN.AMRT.FE,81.579
Colombia,COL,"Mortality rate, adult, male (per 1,000 male adults)",SP.DYN.AMRT.MA,219.658
Colombia,COL,"Mortality rate, adult, female (per 1,000 female adults)",SP.DYN.AMRT.FE,95.669
Comoros,COM,"Mortality rate, adult, male (per 1,000 male adults)",SP.DYN.AMRT.MA,304.255
Comoros,COM,"Mortality rate, adult, female (per 1,000 female adults)",SP.DYN.AMRT.FE,250.744
"Congo, Dem. Rep.",COD,"Mortality rate, adult, male (per 1,000 male adults)",SP.DYN.AMRT.MA,374.11
"Congo, Dem. Rep.",COD,"Mortality rate, adult, female (per 1,000 female adults)",SP.DYN.AMRT.FE,304.652
"Congo, Rep.",COG,"Mortality rate, adult, male (per 1,000 male adults)",SP.DYN.AMRT.MA,386.864
"Congo, Rep.",COG,"Mortality rate, adult, female (per 1,000 female adults)",SP.DYN.AMRT.FE,380.562
Costa Rica,CRI,"Mortality rate, adult, male (per 1,000 male adults)",SP.DYN.AMRT.MA,113.194
Costa Rica,CRI,"Mortality rate, adult, female (per 1,000 female adults)",SP.DYN.AMRT.FE,62.167
Cote d'Ivoire,CIV,"Mortality rate, adult, male (per 1,000 male adults)",SP.DYN.AMRT.MA,456.337
Cote d'Ivoire,CIV,"Mortality rate, adult, female (per 1,000 female adults)",SP.DYN.AMRT.FE,436.97
Croatia,HRV,"Mortality rate, adult, male (per 1,000 male adults)",SP.DYN.AMRT.MA,176.413
Croatia,HRV,"Mortality rate, adult, female (per 1,000 female adults)",SP.DYN.AMRT.FE,69.138
Cuba,CUB,"Mortality rate, adult, male (per 1,000 male adults)",SP.DYN.AMRT.MA,142.427
Cuba,CUB,"Mortality rate, adult, female (per 1,000 female adults)",SP.DYN.AMRT.FE,92.955
Curacao,CUW,"Mortality rate, adult, male (per 1,000 male adults)",SP.DYN.AMRT.MA,160.719
Curacao,CUW,"Mortality rate, adult, female (per 1,000 female adults)",SP.DYN.AMRT.FE,90.915
Cyprus,CYP,"Mortality rate, adult, male (per 1,000 male adults)",SP.DYN.AMRT.MA,109.878
Cyprus,CYP,"Mortality rate, adult, female (per 1,000 female adults)",SP.DYN.AMRT.FE,65.394
Czechia,CZE,"Mortality rate, adult, male (per 1,000 male adults)",SP.DYN.AMRT.MA,164.947
Czechia,CZE,"Mortality rate, adult, female (per 1,000 female adults)",SP.DYN.AMRT.FE,72.549
Denmark,DNK,"Mortality rate, adult, male (per 1,000 male adults)",SP.DYN.AMRT.MA,124.075
Denmark,DNK,"Mortality rate, adult, female (per 1,000 female adults)",SP.DYN.AMRT.FE,75.793
Djibouti,DJI,"Mortality rate, adult, male (per 1,000 male adults)",SP.DYN.AMRT.MA,334.731
Djibouti,DJI,"Mortality rate, adult, female (per 1,000 female adults)",SP.DYN.AMRT.FE,284.985
Dominica,DMA,"Mortality rate, adult, male (per 1,000 male adults)",SP.DYN.AMRT.MA,192.673
Dominica,DMA,"Mortality rate, adult, female (per 1,000 female adults)",SP.DYN.AMRT.FE,109.422
Dominican Republic,DOM,"Mortality rate, adult, male (per 1,000 male adults)",SP.DYN.AMRT.MA,233.165
Dominican Republic,DOM,"Mortality rate, adult, female (per 1,000 female adults)",SP.DYN.AMRT.FE,150.455
Early-demographic dividend,EAR,"Mortality rate, adult, male (per 1,000 male adults)",SP.DYN.AMRT.MA,235.886758715958
Early-demographic dividend,EAR,"Mortality rate, adult, female (per 1,000 female adults)",SP.DYN.AMRT.FE,176.227325085936
East Asia & Pacific,EAS,"Mortality rate, adult, male (per 1,000 male adults)",SP.DYN.AMRT.MA,159.168916261192
East Asia & Pacific,EAS,"Mortality rate, adult, female (per 1,000 female adults)",SP.DYN.AMRT.FE,96.2925818069194
East Asia & Pacific (excluding high income),EAP,"Mortality rate, adult, male (per 1,000 male adults)",SP.DYN.AMRT.MA,165.394013196246
East Asia & Pacific (excluding high income),EAP,"Mortality rate, adult, female (per 1,000 female adults)",SP.DYN.AMRT.FE,101.997839664482
East Asia & Pacific (IDA & IBRD countries),TEA,"Mortality rate, adult, male (per 1,000 male adults)",SP.DYN.AMRT.MA,164.148202400595
East Asia & Pacific (IDA & IBRD countries),TEA,"Mortality rate, adult, female (per 1,000 female adults)",SP.DYN.AMRT.FE,100.980544223276
Ecuador,ECU,"Mortality rate, adult, male (per 1,000 male adults)",SP.DYN.AMRT.MA,187.344
Ecuador,ECU,"Mortality rate, adult, female (per 1,000 female adults)",SP.DYN.AMRT.FE,108.951
"Egypt, Arab Rep.",EGY,"Mortality rate, adult, male (per 1,000 male adults)",SP.DYN.AMRT.MA,219.834
"Egypt, Arab Rep.",EGY,"Mortality rate, adult, female (per 1,000 female adults)",SP.DYN.AMRT.FE,142.43
El Salvador,SLV,"Mortality rate, adult, male (per 1,000 male adults)",SP.DYN.AMRT.MA,301.081
El Salvador,SLV,"Mortality rate, adult, female (per 1,000 female adults)",SP.DYN.AMRT.FE,128.378
Equatorial Guinea,GNQ,"Mortality rate, adult, male (per 1,000 male adults)",SP.DYN.AMRT.MA,352.223
Equatorial Guinea,GNQ,"Mortality rate, adult, female (per 1,000 female adults)",SP.DYN.AMRT.FE,295.765
Eritrea,ERI,"Mortality rate, adult, male (per 1,000 male adults)",SP.DYN.AMRT.MA,329.118
Eritrea,ERI,"Mortality rate, adult, female (per 1,000 female adults)",SP.DYN.AMRT.FE,277.362
Estonia,EST,"Mortality rate, adult, male (per 1,000 male adults)",SP.DYN.AMRT.MA,312.834
Estonia,EST,"Mortality rate, adult, female (per 1,000 female adults)",SP.DYN.AMRT.FE,110.566
Eswatini,SWZ,"Mortality rate, adult, male (per 1,000 male adults)",SP.DYN.AMRT.MA,721.128
Eswatini,SWZ,"Mortality rate, adult, female (per 1,000 female adults)",SP.DYN.AMRT.FE,617.647
Ethiopia,ETH,"Mortality rate, adult, male (per 1,000 male adults)",SP.DYN.AMRT.MA,391.491
Ethiopia,ETH,"Mortality rate, adult, female (per 1,000 female adults)",SP.DYN.AMRT.FE,364.688
Euro area,EMU,"Mortality rate, adult, male (per 1,000 male adults)",SP.DYN.AMRT.MA,124.439882411048
Euro area,EMU,"Mortality rate, adult, female (per 1,000 female adults)",SP.DYN.AMRT.FE,58.7765915598354
Europe & Central Asia,ECS,"Mortality rate, adult, male (per 1,000 male adults)",SP.DYN.AMRT.MA,223.901974771318
Europe & Central Asia,ECS,"Mortality rate, adult, female (per 1,000 female adults)",SP.DYN.AMRT.FE,97.1464485086084
Europe & Central Asia (excluding high income),ECA,"Mortality rate, adult, male (per 1,000 male adults)",SP.DYN.AMRT.MA,262.478862660099
Europe & Central Asia (excluding high income),ECA,"Mortality rate, adult, female (per 1,000 female adults)",SP.DYN.AMRT.FE,116.485206930419
Europe & Central Asia (IDA & IBRD countries),TEC,"Mortality rate, adult, male (per 1,000 male adults)",SP.DYN.AMRT.MA,323.252991667066
Europe & Central Asia (IDA & IBRD countries),TEC,"Mortality rate, adult, female (per 1,000 female adults)",SP.DYN.AMRT.FE,131.279937297162
European Union,EUU,"Mortality rate, adult, male (per 1,000 male adults)",SP.DYN.AMRT.MA,143.100836463575
European Union,EUU,"Mortality rate, adult, female (per 1,000 female adults)",SP.DYN.AMRT.FE,65.8703957814683
Faroe Islands,FRO,"Mortality rate, adult, male (per 1,000 male adults)",SP.DYN.AMRT.MA,..
Faroe Islands,FRO,"Mortality rate, adult, female (per 1,000 female adults)",SP.DYN.AMRT.FE,..
Fiji,FJI,"Mortality rate, adult, male (per 1,000 male adults)",SP.DYN.AMRT.MA,304.856
Fiji,FJI,"Mortality rate, adult, female (per 1,000 female adults)",SP.DYN.AMRT.FE,210.564
Finland,FIN,"Mortality rate, adult, male (per 1,000 male adults)",SP.DYN.AMRT.MA,133.525
Finland,FIN,"Mortality rate, adult, female (per 1,000 female adults)",SP.DYN.AMRT.FE,60.744
Fragile and conflict affected situations,FCS,"Mortality rate, adult, male (per 1,000 male adults)",SP.DYN.AMRT.MA,355.961875055671
Fragile and conflict affected situations,FCS,"Mortality rate, adult, female (per 1,000 female adults)",SP.DYN.AMRT.FE,279.5225878418
France,FRA,"Mortality rate, adult, male (per 1,000 male adults)",SP.DYN.AMRT.MA,136.68
France,FRA,"Mortality rate, adult, female (per 1,000 female adults)",SP.DYN.AMRT.FE,60.634
French Polynesia,PYF,"Mortality rate, adult, male (per 1,000 male adults)",SP.DYN.AMRT.MA,75.27
French Polynesia,PYF,"Mortality rate, adult, female (per 1,000 female adults)",SP.DYN.AMRT.FE,44.564
Gabon,GAB,"Mortality rate, adult, male (per 1,000 male adults)",SP.DYN.AMRT.MA,292.417
Gabon,GAB,"Mortality rate, adult, female (per 1,000 female adults)",SP.DYN.AMRT.FE,268.472
"Gambia, The",GMB,"Mortality rate, adult, male (per 1,000 male adults)",SP.DYN.AMRT.MA,334.676
"Gambia, The",GMB,"Mortality rate, adult, female (per 1,000 female adults)",SP.DYN.AMRT.FE,272.421
Georgia,GEO,"Mortality rate, adult, male (per 1,000 male adults)",SP.DYN.AMRT.MA,250.203
Georgia,GEO,"Mortality rate, adult, female (per 1,000 female adults)",SP.DYN.AMRT.FE,95.332
Germany,DEU,"Mortality rate, adult, male (per 1,000 male adults)",SP.DYN.AMRT.MA,120.763
Germany,DEU,"Mortality rate, adult, female (per 1,000 female adults)",SP.DYN.AMRT.FE,61.736
Ghana,GHA,"Mortality rate, adult, male (per 1,000 male adults)",SP.DYN.AMRT.MA,308.468
Ghana,GHA,"Mortality rate, adult, female (per 1,000 female adults)",SP.DYN.AMRT.FE,270.886
Gibraltar,GIB,"Mortality rate, adult, male (per 1,000 male adults)",SP.DYN.AMRT.MA,94.649
Gibraltar,GIB,"Mortality rate, adult, female (per 1,000 female adults)",SP.DYN.AMRT.FE,48.717
Greece,GRC,"Mortality rate, adult, male (per 1,000 male adults)",SP.DYN.AMRT.MA,109.411
Greece,GRC,"Mortality rate, adult, female (per 1,000 female adults)",SP.DYN.AMRT.FE,46.773
Greenland,GRL,"Mortality rate, adult, male (per 1,000 male adults)",SP.DYN.AMRT.MA,260.798
Greenland,GRL,"Mortality rate, adult, female (per 1,000 female adults)",SP.DYN.AMRT.FE,185.17
Grenada,GRD,"Mortality rate, adult, male (per 1,000 male adults)",SP.DYN.AMRT.MA,188.656
Grenada,GRD,"Mortality rate, adult, female (per 1,000 female adults)",SP.DYN.AMRT.FE,126.847
Guam,GUM,"Mortality rate, adult, male (per 1,000 male adults)",SP.DYN.AMRT.MA,186.736
Guam,GUM,"Mortality rate, adult, female (per 1,000 female adults)",SP.DYN.AMRT.FE,96.941
Guatemala,GTM,"Mortality rate, adult, male (per 1,000 male adults)",SP.DYN.AMRT.MA,281.718
Guatemala,GTM,"Mortality rate, adult, female (per 1,000 female adults)",SP.DYN.AMRT.FE,152.483
Guinea,GIN,"Mortality rate, adult, male (per 1,000 male adults)",SP.DYN.AMRT.MA,323.098
Guinea,GIN,"Mortality rate, adult, female (per 1,000 female adults)",SP.DYN.AMRT.FE,313.934
Guinea-Bissau,GNB,"Mortality rate, adult, male (per 1,000 male adults)",SP.DYN.AMRT.MA,424.561
Guinea-Bissau,GNB,"Mortality rate, adult, female (per 1,000 female adults)",SP.DYN.AMRT.FE,327.635
Guyana,GUY,"Mortality rate, adult, male (per 1,000 male adults)",SP.DYN.AMRT.MA,337.063
Guyana,GUY,"Mortality rate, adult, female (per 1,000 female adults)",SP.DYN.AMRT.FE,219.379
Haiti,HTI,"Mortality rate, adult, male (per 1,000 male adults)",SP.DYN.AMRT.MA,321.858
Haiti,HTI,"Mortality rate, adult, female (per 1,000 female adults)",SP.DYN.AMRT.FE,258.593
Heavily indebted poor countries (HIPC),HPC,"Mortality rate, adult, male (per 1,000 male adults)",SP.DYN.AMRT.MA,379.326967463115
Heavily indebted poor countries (HIPC),HPC,"Mortality rate, adult, female (per 1,000 female adults)",SP.DYN.AMRT.FE,330.618035798543
High income,HIC,"Mortality rate, adult, male (per 1,000 male adults)",SP.DYN.AMRT.MA,170.302791256389
High income,HIC,"Mortality rate, adult, female (per 1,000 female adults)",SP.DYN.AMRT.FE,80.8247900049194
Honduras,HND,"Mortality rate, adult, male (per 1,000 male adults)",SP.DYN.AMRT.MA,194.425
Honduras,HND,"Mortality rate, adult, female (per 1,000 female adults)",SP.DYN.AMRT.FE,143.134
"Hong Kong SAR, China",HKG,"Mortality rate, adult, male (per 1,000 male adults)",SP.DYN.AMRT.MA,84.3
"Hong Kong SAR, China",HKG,"Mortality rate, adult, female (per 1,000 female adults)",SP.DYN.AMRT.FE,42.371
Hungary,HUN,"Mortality rate, adult, male (per 1,000 male adults)",SP.DYN.AMRT.MA,259.032
Hungary,HUN,"Mortality rate, adult, female (per 1,000 female adults)",SP.DYN.AMRT.FE,110.102
IBRD only,IBD,"Mortality rate, adult, male (per 1,000 male adults)",SP.DYN.AMRT.MA,210.454005734442
IBRD only,IBD,"Mortality rate, adult, female (per 1,000 female adults)",SP.DYN.AMRT.FE,129.046701573517
Iceland,ISL,"Mortality rate, adult, male (per 1,000 male adults)",SP.DYN.AMRT.MA,82.738
Iceland,ISL,"Mortality rate, adult, female (per 1,000 female adults)",SP.DYN.AMRT.FE,54.311
IDA & IBRD total,IBT,"Mortality rate, adult, male (per 1,000 male adults)",SP.DYN.AMRT.MA,232.122688162001
IDA & IBRD total,IBT,"Mortality rate, adult, female (per 1,000 female adults)",SP.DYN.AMRT.FE,158.004018131893
IDA blend,IDB,"Mortality rate, adult, male (per 1,000 male adults)",SP.DYN.AMRT.MA,329.256302124612
IDA blend,IDB,"Mortality rate, adult, female (per 1,000 female adults)",SP.DYN.AMRT.FE,295.250282031975
IDA only,IDX,"Mortality rate, adult, male (per 1,000 male adults)",SP.DYN.AMRT.MA,319.028944955965
IDA only,IDX,"Mortality rate, adult, female (per 1,000 female adults)",SP.DYN.AMRT.FE,265.53366961704
IDA total,IDA,"Mortality rate, adult, male (per 1,000 male adults)",SP.DYN.AMRT.MA,322.466434656241
IDA total,IDA,"Mortality rate, adult, female (per 1,000 female adults)",SP.DYN.AMRT.FE,275.277420358169
India,IND,"Mortality rate, adult, male (per 1,000 male adults)",SP.DYN.AMRT.MA,245.4
India,IND,"Mortality rate, adult, female (per 1,000 female adults)",SP.DYN.AMRT.FE,179.626
Indonesia,IDN,"Mortality rate, adult, male (per 1,000 male adults)",SP.DYN.AMRT.MA,208.586
Indonesia,IDN,"Mortality rate, adult, female (per 1,000 female adults)",SP.DYN.AMRT.FE,170.367
"Iran, Islamic Rep.",IRN,"Mortality rate, adult, male (per 1,000 male adults)",SP.DYN.AMRT.MA,176.971
"Iran, Islamic Rep.",IRN,"Mortality rate, adult, female (per 1,000 female adults)",SP.DYN.AMRT.FE,109.985
Iraq,IRQ,"Mortality rate, adult, male (per 1,000 male adults)",SP.DYN.AMRT.MA,252.904
Iraq,IRQ,"Mortality rate, adult, female (per 1,000 female adults)",SP.DYN.AMRT.FE,149.798
Ireland,IRL,"Mortality rate, adult, male (per 1,000 male adults)",SP.DYN.AMRT.MA,113.266
Ireland,IRL,"Mortality rate, adult, female (per 1,000 female adults)",SP.DYN.AMRT.FE,60.492
Isle of Man,IMN,"Mortality rate, adult, male (per 1,000 male adults)",SP.DYN.AMRT.MA,132.849
Isle of Man,IMN,"Mortality rate, adult, female (per 1,000 female adults)",SP.DYN.AMRT.FE,82.437
Israel,ISR,"Mortality rate, adult, male (per 1,000 male adults)",SP.DYN.AMRT.MA,98.074
Israel,ISR,"Mortality rate, adult, female (per 1,000 female adults)",SP.DYN.AMRT.FE,54.033
Italy,ITA,"Mortality rate, adult, male (per 1,000 male adults)",SP.DYN.AMRT.MA,95.824
Italy,ITA,"Mortality rate, adult, female (per 1,000 female adults)",SP.DYN.AMRT.FE,49.132
Jamaica,JAM,"Mortality rate, adult, male (per 1,000 male adults)",SP.DYN.AMRT.MA,203.996
Jamaica,JAM,"Mortality rate, adult, female (per 1,000 female adults)",SP.DYN.AMRT.FE,131.708
Japan,JPN,"Mortality rate, adult, male (per 1,000 male adults)",SP.DYN.AMRT.MA,95.051
Japan,JPN,"Mortality rate, adult, female (per 1,000 female adults)",SP.DYN.AMRT.FE,45.427
Jordan,JOR,"Mortality rate, adult, male (per 1,000 male adults)",SP.DYN.AMRT.MA,146.677
Jordan,JOR,"Mortality rate, adult, female (per 1,000 female adults)",SP.DYN.AMRT.FE,106.853
Kazakhstan,KAZ,"Mortality rate, adult, male (per 1,000 male adults)",SP.DYN.AMRT.MA,394.553
Kazakhstan,KAZ,"Mortality rate, adult, female (per 1,000 female adults)",SP.DYN.AMRT.FE,162.253
Kenya,KEN,"Mortality rate, adult, male (per 1,000 male adults)",SP.DYN.AMRT.MA,452.234
Kenya,KEN,"Mortality rate, adult, female (per 1,000 female adults)",SP.DYN.AMRT.FE,419.941
Kiribati,KIR,"Mortality rate, adult, male (per 1,000 male adults)",SP.DYN.AMRT.MA,238.995
Kiribati,KIR,"Mortality rate, adult, female (per 1,000 female adults)",SP.DYN.AMRT.FE,189.363
"Korea, Dem. People's Rep.",PRK,"Mortality rate, adult, male (per 1,000 male adults)",SP.DYN.AMRT.MA,262.467
"Korea, Dem. People's Rep.",PRK,"Mortality rate, adult, female (per 1,000 female adults)",SP.DYN.AMRT.FE,178.169
"Korea, Rep.",KOR,"Mortality rate, adult, male (per 1,000 male adults)",SP.DYN.AMRT.MA,141.3
"Korea, Rep.",KOR,"Mortality rate, adult, female (per 1,000 female adults)",SP.DYN.AMRT.FE,58.404
Kosovo,XKX,"Mortality rate, adult, male (per 1,000 male adults)",SP.DYN.AMRT.MA,134.815
Kosovo,XKX,"Mortality rate, adult, female (per 1,000 female adults)",SP.DYN.AMRT.FE,88.913
Kuwait,KWT,"Mortality rate, adult, male (per 1,000 male adults)",SP.DYN.AMRT.MA,89.483
Kuwait,KWT,"Mortality rate, adult, female (per 1,000 female adults)",SP.DYN.AMRT.FE,63.758
Kyrgyz Republic,KGZ,"Mortality rate, adult, male (per 1,000 male adults)",SP.DYN.AMRT.MA,319.766
Kyrgyz Republic,KGZ,"Mortality rate, adult, female (per 1,000 female adults)",SP.DYN.AMRT.FE,150.308
Lao PDR,LAO,"Mortality rate, adult, male (per 1,000 male adults)",SP.DYN.AMRT.MA,300.798
Lao PDR,LAO,"Mortality rate, adult, female (per 1,000 female adults)",SP.DYN.AMRT.FE,245.805
Late-demographic dividend,LTE,"Mortality rate, adult, male (per 1,000 male adults)",SP.DYN.AMRT.MA,187.562834902101
Late-demographic dividend,LTE,"Mortality rate, adult, female (per 1,000 female adults)",SP.DYN.AMRT.FE,96.918937120604
Latin America & Caribbean,LCN,"Mortality rate, adult, male (per 1,000 male adults)",SP.DYN.AMRT.MA,206.593617745603
Latin America & Caribbean,LCN,"Mortality rate, adult, female (per 1,000 female adults)",SP.DYN.AMRT.FE,112.714458974439
Latin America & Caribbean (excluding high income),LAC,"Mortality rate, adult, male (per 1,000 male adults)",SP.DYN.AMRT.MA,210.036886479835
Latin America & Caribbean (excluding high income),LAC,"Mortality rate, adult, female (per 1,000 female adults)",SP.DYN.AMRT.FE,115.552732617645
Latin America & the Caribbean (IDA & IBRD countries),TLA,"Mortality rate, adult, male (per 1,000 male adults)",SP.DYN.AMRT.MA,208.284586540834
Latin America & the Caribbean (IDA & IBRD countries),TLA,"Mortality rate, adult, female (per 1,000 female adults)",SP.DYN.AMRT.FE,113.463007108604
Latvia,LVA,"Mortality rate, adult, male (per 1,000 male adults)",SP.DYN.AMRT.MA,332.094
Latvia,LVA,"Mortality rate, adult, female (per 1,000 female adults)",SP.DYN.AMRT.FE,118.341
Least developed countries: UN classification,LDC,"Mortality rate, adult, male (per 1,000 male adults)",SP.DYN.AMRT.MA,328.847189049675
Least developed countries: UN classification,LDC,"Mortality rate, adult, female (per 1,000 female adults)",SP.DYN.AMRT.FE,277.740298184745
Lebanon,LBN,"Mortality rate, adult, male (per 1,000 male adults)",SP.DYN.AMRT.MA,119.483
Lebanon,LBN,"Mortality rate, adult, female (per 1,000 female adults)",SP.DYN.AMRT.FE,79.993
Lesotho,LSO,"Mortality rate, adult, male (per 1,000 male adults)",SP.DYN.AMRT.MA,700.356
Lesotho,LSO,"Mortality rate, adult, female (per 1,000 female adults)",SP.DYN.AMRT.FE,610.192
Liberia,LBR,"Mortality rate, adult, male (per 1,000 male adults)",SP.DYN.AMRT.MA,326.829
Liberia,LBR,"Mortality rate, adult, female (per 1,000 female adults)",SP.DYN.AMRT.FE,268.271
Libya,LBY,"Mortality rate, adult, male (per 1,000 male adults)",SP.DYN.AMRT.MA,175.727
Libya,LBY,"Mortality rate, adult, female (per 1,000 female adults)",SP.DYN.AMRT.FE,118.964
Liechtenstein,LIE,"Mortality rate, adult, male (per 1,000 male adults)",SP.DYN.AMRT.MA,..
Liechtenstein,LIE,"Mortality rate, adult, female (per 1,000 female adults)",SP.DYN.AMRT.FE,..
Lithuania,LTU,"Mortality rate, adult, male (per 1,000 male adults)",SP.DYN.AMRT.MA,304.387
Lithuania,LTU,"Mortality rate, adult, female (per 1,000 female adults)",SP.DYN.AMRT.FE,103.637
Low & middle income,LMY,"Mortality rate, adult, male (per 1,000 male adults)",SP.DYN.AMRT.MA,225.632037966676
Low & middle income,LMY,"Mortality rate, adult, female (per 1,000 female adults)",SP.DYN.AMRT.FE,159.290410198992
Low income,LIC,"Mortality rate, adult, male (per 1,000 male adults)",SP.DYN.AMRT.MA,360.717707225707
Low income,LIC,"Mortality rate, adult, female (per 1,000 female adults)",SP.DYN.AMRT.FE,305.761021637719
Lower middle income,LMC,"Mortality rate, adult, male (per 1,000 male adults)",SP.DYN.AMRT.MA,259.538613442737
Lower middle income,LMC,"Mortality rate, adult, female (per 1,000 female adults)",SP.DYN.AMRT.FE,199.839248393807
Luxembourg,LUX,"Mortality rate, adult, male (per 1,000 male adults)",SP.DYN.AMRT.MA,128.774
Luxembourg,LUX,"Mortality rate, adult, female (per 1,000 female adults)",SP.DYN.AMRT.FE,68.078
"Macao SAR, China",MAC,"Mortality rate, adult, male (per 1,000 male adults)",SP.DYN.AMRT.MA,74.366
"Macao SAR, China",MAC,"Mortality rate, adult, female (per 1,000 female adults)",SP.DYN.AMRT.FE,35.625
Madagascar,MDG,"Mortality rate, adult, male (per 1,000 male adults)",SP.DYN.AMRT.MA,293.35
Madagascar,MDG,"Mortality rate, adult, female (per 1,000 female adults)",SP.DYN.AMRT.FE,264.318
Malawi,MWI,"Mortality rate, adult, male (per 1,000 male adults)",SP.DYN.AMRT.MA,558.529
Malawi,MWI,"Mortality rate, adult, female (per 1,000 female adults)",SP.DYN.AMRT.FE,499.114
Malaysia,MYS,"Mortality rate, adult, male (per 1,000 male adults)",SP.DYN.AMRT.MA,172.247
Malaysia,MYS,"Mortality rate, adult, female (per 1,000 female adults)",SP.DYN.AMRT.FE,99.358
Maldives,MDV,"Mortality rate, adult, male (per 1,000 male adults)",SP.DYN.AMRT.MA,112.429
Maldives,MDV,"Mortality rate, adult, female (per 1,000 female adults)",SP.DYN.AMRT.FE,95.069
Mali,MLI,"Mortality rate, adult, male (per 1,000 male adults)",SP.DYN.AMRT.MA,316.546
Mali,MLI,"Mortality rate, adult, female (per 1,000 female adults)",SP.DYN.AMRT.FE,291.049
Malta,MLT,"Mortality rate, adult, male (per 1,000 male adults)",SP.DYN.AMRT.MA,89.571
Malta,MLT,"Mortality rate, adult, female (per 1,000 female adults)",SP.DYN.AMRT.FE,50.708
Marshall Islands,MHL,"Mortality rate, adult, male (per 1,000 male adults)",SP.DYN.AMRT.MA,314.007
Marshall Islands,MHL,"Mortality rate, adult, female (per 1,000 female adults)",SP.DYN.AMRT.FE,231.269
Mauritania,MRT,"Mortality rate, adult, male (per 1,000 male adults)",SP.DYN.AMRT.MA,250.992
Mauritania,MRT,"Mortality rate, adult, female (per 1,000 female adults)",SP.DYN.AMRT.FE,202.809
Mauritius,MUS,"Mortality rate, adult, male (per 1,000 male adults)",SP.DYN.AMRT.MA,215.995
Mauritius,MUS,"Mortality rate, adult, female (per 1,000 female adults)",SP.DYN.AMRT.FE,112.147
Mexico,MEX,"Mortality rate, adult, male (per 1,000 male adults)",SP.DYN.AMRT.MA,181.319
Mexico,MEX,"Mortality rate, adult, female (per 1,000 female adults)",SP.DYN.AMRT.FE,106.132
"Micronesia, Fed. Sts.",FSM,"Mortality rate, adult, male (per 1,000 male adults)",SP.DYN.AMRT.MA,184.607
"Micronesia, Fed. Sts.",FSM,"Mortality rate, adult, female (per 1,000 female adults)",SP.DYN.AMRT.FE,118.696
Middle East & North Africa,MEA,"Mortality rate, adult, male (per 1,000 male adults)",SP.DYN.AMRT.MA,184.17084051981
Middle East & North Africa,MEA,"Mortality rate, adult, female (per 1,000 female adults)",SP.DYN.AMRT.FE,125.600101803361
Middle East & North Africa (excluding high income),MNA,"Mortality rate, adult, male (per 1,000 male adults)",SP.DYN.AMRT.MA,193.251454748648
Middle East & North Africa (excluding high income),MNA,"Mortality rate, adult, female (per 1,000 female adults)",SP.DYN.AMRT.FE,129.384772523786
Middle East & North Africa (IDA & IBRD countries),TMN,"Mortality rate, adult, male (per 1,000 male adults)",SP.DYN.AMRT.MA,193.396004709711
Middle East & North Africa (IDA & IBRD countries),TMN,"Mortality rate, adult, female (per 1,000 female adults)",SP.DYN.AMRT.FE,129.469524648181
Middle income,MIC,"Mortality rate, adult, male (per 1,000 male adults)",SP.DYN.AMRT.MA,216.058948704337
Middle income,MIC,"Mortality rate, adult, female (per 1,000 female adults)",SP.DYN.AMRT.FE,148.328442858604
Moldova,MDA,"Mortality rate, adult, male (per 1,000 male adults)",SP.DYN.AMRT.MA,316.45
Moldova,MDA,"Mortality rate, adult, female (per 1,000 female adults)",SP.DYN.AMRT.FE,167.068
Monaco,MCO,"Mortality rate, adult, male (per 1,000 male adults)",SP.DYN.AMRT.MA,..
Monaco,MCO,"Mortality rate, adult, female (per 1,000 female adults)",SP.DYN.AMRT.FE,..
Mongolia,MNG,"Mortality rate, adult, male (per 1,000 male adults)",SP.DYN.AMRT.MA,354.679
Mongolia,MNG,"Mortality rate, adult, female (per 1,000 female adults)",SP.DYN.AMRT.FE,184.172
Montenegro,MNE,"Mortality rate, adult, male (per 1,000 male adults)",SP.DYN.AMRT.MA,167.966
Montenegro,MNE,"Mortality rate, adult, female (per 1,000 female adults)",SP.DYN.AMRT.FE,88.112
Morocco,MAR,"Mortality rate, adult, male (per 1,000 male adults)",SP.DYN.AMRT.MA,205.899
Morocco,MAR,"Mortality rate, adult, female (per 1,000 female adults)",SP.DYN.AMRT.FE,160.092
Mozambique,MOZ,"Mortality rate, adult, male (per 1,000 male adults)",SP.DYN.AMRT.MA,450.487
Mozambique,MOZ,"Mortality rate, adult, female (per 1,000 female adults)",SP.DYN.AMRT.FE,375.247
Myanmar,MMR,"Mortality rate, adult, male (per 1,000 male adults)",SP.DYN.AMRT.MA,325.068
Myanmar,MMR,"Mortality rate, adult, female (per 1,000 female adults)",SP.DYN.AMRT.FE,212.095
Namibia,NAM,"Mortality rate, adult, male (per 1,000 male adults)",SP.DYN.AMRT.MA,605.937
Namibia,NAM,"Mortality rate, adult, female (per 1,000 female adults)",SP.DYN.AMRT.FE,527.951
Nauru,NRU,"Mortality rate, adult, male (per 1,000 male adults)",SP.DYN.AMRT.MA,489.215
Nauru,NRU,"Mortality rate, adult, female (per 1,000 female adults)",SP.DYN.AMRT.FE,314.019
Nepal,NPL,"Mortality rate, adult, male (per 1,000 male adults)",SP.DYN.AMRT.MA,272.292
Nepal,NPL,"Mortality rate, adult, female (per 1,000 female adults)",SP.DYN.AMRT.FE,200.404
Netherlands,NLD,"Mortality rate, adult, male (per 1,000 male adults)",SP.DYN.AMRT.MA,94.149
Netherlands,NLD,"Mortality rate, adult, female (per 1,000 female adults)",SP.DYN.AMRT.FE,66.999
New Caledonia,NCL,"Mortality rate, adult, male (per 1,000 male adults)",SP.DYN.AMRT.MA,159.042
New Caledonia,NCL,"Mortality rate, adult, female (per 1,000 female adults)",SP.DYN.AMRT.FE,85.334
New Zealand,NZL,"Mortality rate, adult, male (per 1,000 male adults)",SP.DYN.AMRT.MA,100.426
New Zealand,NZL,"Mortality rate, adult, female (per 1,000 female adults)",SP.DYN.AMRT.FE,64.566
Nicaragua,NIC,"Mortality rate, adult, male (per 1,000 male adults)",SP.DYN.AMRT.MA,255.185
Nicaragua,NIC,"Mortality rate, adult, female (per 1,000 female adults)",SP.DYN.AMRT.FE,157.549
Niger,NER,"Mortality rate, adult, male (per 1,000 male adults)",SP.DYN.AMRT.MA,312.844
Niger,NER,"Mortality rate, adult, female (per 1,000 female adults)",SP.DYN.AMRT.FE,287.043
Nigeria,NGA,"Mortality rate, adult, male (per 1,000 male adults)",SP.DYN.AMRT.MA,420.191
Nigeria,NGA,"Mortality rate, adult, female (per 1,000 female adults)",SP.DYN.AMRT.FE,378.092
North America,NAC,"Mortality rate, adult, male (per 1,000 male adults)",SP.DYN.AMRT.MA,139.622651454904
North America,NAC,"Mortality rate, adult, female (per 1,000 female adults)",SP.DYN.AMRT.FE,81.266110075202
North Macedonia,MKD,"Mortality rate, adult, male (per 1,000 male adults)",SP.DYN.AMRT.MA,160.18
North Macedonia,MKD,"Mortality rate, adult, female (per 1,000 female adults)",SP.DYN.AMRT.FE,82.152
Northern Mariana Islands,MNP,"Mortality rate, adult, male (per 1,000 male adults)",SP.DYN.AMRT.MA,..
Northern Mariana Islands,MNP,"Mortality rate, adult, female (per 1,000 female adults)",SP.DYN.AMRT.FE,..
Norway,NOR,"Mortality rate, adult, male (per 1,000 male adults)",SP.DYN.AMRT.MA,99.014
Norway,NOR,"Mortality rate, adult, female (per 1,000 female adults)",SP.DYN.AMRT.FE,58.943
Not classified,INX,"Mortality rate, adult, male (per 1,000 male adults)",SP.DYN.AMRT.MA,..
Not classified,INX,"Mortality rate, adult, female (per 1,000 female adults)",SP.DYN.AMRT.FE,..
OECD members,OED,"Mortality rate, adult, male (per 1,000 male adults)",SP.DYN.AMRT.MA,137.390481492243
OECD members,OED,"Mortality rate, adult, female (per 1,000 female adults)",SP.DYN.AMRT.FE,70.7072512234945
Oman,OMN,"Mortality rate, adult, male (per 1,000 male adults)",SP.DYN.AMRT.MA,145.451
Oman,OMN,"Mortality rate, adult, female (per 1,000 female adults)",SP.DYN.AMRT.FE,90.976
Other small states,OSS,"Mortality rate, adult, male (per 1,000 male adults)",SP.DYN.AMRT.MA,252.209991565939
Other small states,OSS,"Mortality rate, adult, female (per 1,000 female adults)",SP.DYN.AMRT.FE,179.683821036299
Pacific island small states,PSS,"Mortality rate, adult, male (per 1,000 male adults)",SP.DYN.AMRT.MA,264.508013672138
Pacific island small states,PSS,"Mortality rate, adult, female (per 1,000 female adults)",SP.DYN.AMRT.FE,181.523827829863
Pakistan,PAK,"Mortality rate, adult, male (per 1,000 male adults)",SP.DYN.AMRT.MA,213.86
Pakistan,PAK,"Mortality rate, adult, female (per 1,000 female adults)",SP.DYN.AMRT.FE,191.16
Palau,PLW,"Mortality rate, adult, male (per 1,000 male adults)",SP.DYN.AMRT.MA,..
Palau,PLW,"Mortality rate, adult, female (per 1,000 female adults)",SP.DYN.AMRT.FE,..
Panama,PAN,"Mortality rate, adult, male (per 1,000 male adults)",SP.DYN.AMRT.MA,156.239
Panama,PAN,"Mortality rate, adult, female (per 1,000 female adults)",SP.DYN.AMRT.FE,87.885
Papua New Guinea,PNG,"Mortality rate, adult, male (per 1,000 male adults)",SP.DYN.AMRT.MA,303.585
Papua New Guinea,PNG,"Mortality rate, adult, female (per 1,000 female adults)",SP.DYN.AMRT.FE,232.146
Paraguay,PRY,"Mortality rate, adult, male (per 1,000 male adults)",SP.DYN.AMRT.MA,224.37
Paraguay,PRY,"Mortality rate, adult, female (per 1,000 female adults)",SP.DYN.AMRT.FE,140.634
Peru,PER,"Mortality rate, adult, male (per 1,000 male adults)",SP.DYN.AMRT.MA,175.227
Peru,PER,"Mortality rate, adult, female (per 1,000 female adults)",SP.DYN.AMRT.FE,121.398
Philippines,PHL,"Mortality rate, adult, male (per 1,000 male adults)",SP.DYN.AMRT.MA,180.463
Philippines,PHL,"Mortality rate, adult, female (per 1,000 female adults)",SP.DYN.AMRT.FE,134.718
Poland,POL,"Mortality rate, adult, male (per 1,000 male adults)",SP.DYN.AMRT.MA,205.384
Poland,POL,"Mortality rate, adult, female (per 1,000 female adults)",SP.DYN.AMRT.FE,81.427
Portugal,PRT,"Mortality rate, adult, male (per 1,000 male adults)",SP.DYN.AMRT.MA,148.977
Portugal,PRT,"Mortality rate, adult, female (per 1,000 female adults)",SP.DYN.AMRT.FE,63.218
Post-demographic dividend,PST,"Mortality rate, adult, male (per 1,000 male adults)",SP.DYN.AMRT.MA,138.76260292845
Post-demographic dividend,PST,"Mortality rate, adult, female (per 1,000 female adults)",SP.DYN.AMRT.FE,69.6228700096578
Pre-demographic dividend,PRE,"Mortality rate, adult, male (per 1,000 male adults)",SP.DYN.AMRT.MA,397.246781261028
Pre-demographic dividend,PRE,"Mortality rate, adult, female (per 1,000 female adults)",SP.DYN.AMRT.FE,344.248894076382
Puerto Rico,PRI,"Mortality rate, adult, male (per 1,000 male adults)",SP.DYN.AMRT.MA,189.11
Puerto Rico,PRI,"Mortality rate, adult, female (per 1,000 female adults)",SP.DYN.AMRT.FE,76.8
Qatar,QAT,"Mortality rate, adult, male (per 1,000 male adults)",SP.DYN.AMRT.MA,106.597
Qatar,QAT,"Mortality rate, adult, female (per 1,000 female adults)",SP.DYN.AMRT.FE,96.738
Romania,ROU,"Mortality rate, adult, male (per 1,000 male adults)",SP.DYN.AMRT.MA,249.208
Romania,ROU,"Mortality rate, adult, female (per 1,000 female adults)",SP.DYN.AMRT.FE,109.809
Russian Federation,RUS,"Mortality rate, adult, male (per 1,000 male adults)",SP.DYN.AMRT.MA,462.026
Russian Federation,RUS,"Mortality rate, adult, female (per 1,000 female adults)",SP.DYN.AMRT.FE,170.888
Rwanda,RWA,"Mortality rate, adult, male (per 1,000 male adults)",SP.DYN.AMRT.MA,413.441
Rwanda,RWA,"Mortality rate, adult, female (per 1,000 female adults)",SP.DYN.AMRT.FE,385.947
Samoa,WSM,"Mortality rate, adult, male (per 1,000 male adults)",SP.DYN.AMRT.MA,199.84
Samoa,WSM,"Mortality rate, adult, female (per 1,000 female adults)",SP.DYN.AMRT.FE,119.045
San Marino,SMR,"Mortality rate, adult, male (per 1,000 male adults)",SP.DYN.AMRT.MA,..
San Marino,SMR,"Mortality rate, adult, female (per 1,000 female adults)",SP.DYN.AMRT.FE,..
Sao Tome and Principe,STP,"Mortality rate, adult, male (per 1,000 male adults)",SP.DYN.AMRT.MA,286.927
Sao Tome and Principe,STP,"Mortality rate, adult, female (per 1,000 female adults)",SP.DYN.AMRT.FE,224.484
Saudi Arabia,SAU,"Mortality rate, adult, male (per 1,000 male adults)",SP.DYN.AMRT.MA,131.653
Saudi Arabia,SAU,"Mortality rate, adult, female (per 1,000 female adults)",SP.DYN.AMRT.FE,106.007
Senegal,SEN,"Mortality rate, adult, male (per 1,000 male adults)",SP.DYN.AMRT.MA,282.572
Senegal,SEN,"Mortality rate, adult, female (per 1,000 female adults)",SP.DYN.AMRT.FE,240.224
Serbia,SRB,"Mortality rate, adult, male (per 1,000 male adults)",SP.DYN.AMRT.MA,195.287
Serbia,SRB,"Mortality rate, adult, female (per 1,000 female adults)",SP.DYN.AMRT.FE,106.183
Seychelles,SYC,"Mortality rate, adult, male (per 1,000 male adults)",SP.DYN.AMRT.MA,274.677
Seychelles,SYC,"Mortality rate, adult, female (per 1,000 female adults)",SP.DYN.AMRT.FE,118.604
Sierra Leone,SLE,"Mortality rate, adult, male (per 1,000 male adults)",SP.DYN.AMRT.MA,428.281
Sierra Leone,SLE,"Mortality rate, adult, female (per 1,000 female adults)",SP.DYN.AMRT.FE,384.129
Singapore,SGP,"Mortality rate, adult, male (per 1,000 male adults)",SP.DYN.AMRT.MA,95.822
Singapore,SGP,"Mortality rate, adult, female (per 1,000 female adults)",SP.DYN.AMRT.FE,52.14
Sint Maarten (Dutch part),SXM,"Mortality rate, adult, male (per 1,000 male adults)",SP.DYN.AMRT.MA,121.982
Sint Maarten (Dutch part),SXM,"Mortality rate, adult, female (per 1,000 female adults)",SP.DYN.AMRT.FE,79.969
Slovak Republic,SVK,"Mortality rate, adult, male (per 1,000 male adults)",SP.DYN.AMRT.MA,211.888
Slovak Republic,SVK,"Mortality rate, adult, female (per 1,000 female adults)",SP.DYN.AMRT.FE,78.837
Slovenia,SVN,"Mortality rate, adult, male (per 1,000 male adults)",SP.DYN.AMRT.MA,161.651
Slovenia,SVN,"Mortality rate, adult, female (per 1,000 female adults)",SP.DYN.AMRT.FE,68.804
Small states,SST,"Mortality rate, adult, male (per 1,000 male adults)",SP.DYN.AMRT.MA,256.059294739763
Small states,SST,"Mortality rate, adult, female (per 1,000 female adults)",SP.DYN.AMRT.FE,177.630402362088
Solomon Islands,SLB,"Mortality rate, adult, male (per 1,000 male adults)",SP.DYN.AMRT.MA,239.844
Solomon Islands,SLB,"Mortality rate, adult, female (per 1,000 female adults)",SP.DYN.AMRT.FE,167.777
Somalia,SOM,"Mortality rate, adult, male (per 1,000 male adults)",SP.DYN.AMRT.MA,369.789
Somalia,SOM,"Mortality rate, adult, female (per 1,000 female adults)",SP.DYN.AMRT.FE,316.971
South Africa,ZAF,"Mortality rate, adult, male (per 1,000 male adults)",SP.DYN.AMRT.MA,514.914
South Africa,ZAF,"Mortality rate, adult, female (per 1,000 female adults)",SP.DYN.AMRT.FE,407.094
South Asia,SAS,"Mortality rate, adult, male (per 1,000 male adults)",SP.DYN.AMRT.MA,237.915752699659
South Asia,SAS,"Mortality rate, adult, female (per 1,000 female adults)",SP.DYN.AMRT.FE,178.749373683349
South Asia (IDA & IBRD),TSA,"Mortality rate, adult, male (per 1,000 male adults)",SP.DYN.AMRT.MA,237.915752699659
South Asia (IDA & IBRD),TSA,"Mortality rate, adult, female (per 1,000 female adults)",SP.DYN.AMRT.FE,178.749373683349
South Sudan,SSD,"Mortality rate, adult, male (per 1,000 male adults)",SP.DYN.AMRT.MA,445.868
South Sudan,SSD,"Mortality rate, adult, female (per 1,000 female adults)",SP.DYN.AMRT.FE,387.759
Spain,ESP,"Mortality rate, adult, male (per 1,000 male adults)",SP.DYN.AMRT.MA,114.494
Spain,ESP,"Mortality rate, adult, female (per 1,000 female adults)",SP.DYN.AMRT.FE,46.403
Sri Lanka,LKA,"Mortality rate, adult, male (per 1,000 male adults)",SP.DYN.AMRT.MA,238.44
Sri Lanka,LKA,"Mortality rate, adult, female (per 1,000 female adults)",SP.DYN.AMRT.FE,96.953
St. Kitts and Nevis,KNA,"Mortality rate, adult, male (per 1,000 male adults)",SP.DYN.AMRT.MA,224.169
St. Kitts and Nevis,KNA,"Mortality rate, adult, female (per 1,000 female adults)",SP.DYN.AMRT.FE,124.49
St. Lucia,LCA,"Mortality rate, adult, male (per 1,000 male adults)",SP.DYN.AMRT.MA,206.909
St. Lucia,LCA,"Mortality rate, adult, female (per 1,000 female adults)",SP.DYN.AMRT.FE,119.056
St. Martin (French part),MAF,"Mortality rate, adult, male (per 1,000 male adults)",SP.DYN.AMRT.MA,105.623
St. Martin (French part),MAF,"Mortality rate, adult, female (per 1,000 female adults)",SP.DYN.AMRT.FE,55.905
St. Vincent and the Grenadines,VCT,"Mortality rate, adult, male (per 1,000 male adults)",SP.DYN.AMRT.MA,215.203
St. Vincent and the Grenadines,VCT,"Mortality rate, adult, female (per 1,000 female adults)",SP.DYN.AMRT.FE,130.445
Sub-Saharan Africa,SSF,"Mortality rate, adult, male (per 1,000 male adults)",SP.DYN.AMRT.MA,417.510541370116
Sub-Saharan Africa,SSF,"Mortality rate, adult, female (per 1,000 female adults)",SP.DYN.AMRT.FE,366.282349143365
Sub-Saharan Africa (excluding high income),SSA,"Mortality rate, adult, male (per 1,000 male adults)",SP.DYN.AMRT.MA,417.532910157865
Sub-Saharan Africa (excluding high income),SSA,"Mortality rate, adult, female (per 1,000 female adults)",SP.DYN.AMRT.FE,366.316260961272
Sub-Saharan Africa (IDA & IBRD countries),TSS,"Mortality rate, adult, male (per 1,000 male adults)",SP.DYN.AMRT.MA,417.510541370116
Sub-Saharan Africa (IDA & IBRD countries),TSS,"Mortality rate, adult, female (per 1,000 female adults)",SP.DYN.AMRT.FE,366.282349143365
Sudan,SDN,"Mortality rate, adult, male (per 1,000 male adults)",SP.DYN.AMRT.MA,328.501
Sudan,SDN,"Mortality rate, adult, female (per 1,000 female adults)",SP.DYN.AMRT.FE,228.56
Suriname,SUR,"Mortality rate, adult, male (per 1,000 male adults)",SP.DYN.AMRT.MA,319.758
Suriname,SUR,"Mortality rate, adult, female (per 1,000 female adults)",SP.DYN.AMRT.FE,204.903
Sweden,SWE,"Mortality rate, adult, male (per 1,000 male adults)",SP.DYN.AMRT.MA,84.604
Sweden,SWE,"Mortality rate, adult, female (per 1,000 female adults)",SP.DYN.AMRT.FE,53.316
Switzerland,CHE,"Mortality rate, adult, male (per 1,000 male adults)",SP.DYN.AMRT.MA,91.8
Switzerland,CHE,"Mortality rate, adult, female (per 1,000 female adults)",SP.DYN.AMRT.FE,51.977
Syrian Arab Republic,SYR,"Mortality rate, adult, male (per 1,000 male adults)",SP.DYN.AMRT.MA,169.33
Syrian Arab Republic,SYR,"Mortality rate, adult, female (per 1,000 female adults)",SP.DYN.AMRT.FE,107.702
Tajikistan,TJK,"Mortality rate, adult, male (per 1,000 male adults)",SP.DYN.AMRT.MA,248.079
Tajikistan,TJK,"Mortality rate, adult, female (per 1,000 female adults)",SP.DYN.AMRT.FE,170.59
Tanzania,TZA,"Mortality rate, adult, male (per 1,000 male adults)",SP.DYN.AMRT.MA,427.391
Tanzania,TZA,"Mortality rate, adult, female (per 1,000 female adults)",SP.DYN.AMRT.FE,388.563
Thailand,THA,"Mortality rate, adult, male (per 1,000 male adults)",SP.DYN.AMRT.MA,234.362
Thailand,THA,"Mortality rate, adult, female (per 1,000 female adults)",SP.DYN.AMRT.FE,120.213
Timor-Leste,TLS,"Mortality rate, adult, male (per 1,000 male adults)",SP.DYN.AMRT.MA,288.512
Timor-Leste,TLS,"Mortality rate, adult, female (per 1,000 female adults)",SP.DYN.AMRT.FE,237.853
Togo,TGO,"Mortality rate, adult, male (per 1,000 male adults)",SP.DYN.AMRT.MA,337.828
Togo,TGO,"Mortality rate, adult, female (per 1,000 female adults)",SP.DYN.AMRT.FE,300.546
Tonga,TON,"Mortality rate, adult, male (per 1,000 male adults)",SP.DYN.AMRT.MA,265.489
Tonga,TON,"Mortality rate, adult, female (per 1,000 female adults)",SP.DYN.AMRT.FE,157.11
Trinidad and Tobago,TTO,"Mortality rate, adult, male (per 1,000 male adults)",SP.DYN.AMRT.MA,225.532
Trinidad and Tobago,TTO,"Mortality rate, adult, female (per 1,000 female adults)",SP.DYN.AMRT.FE,136.97
Tunisia,TUN,"Mortality rate, adult, male (per 1,000 male adults)",SP.DYN.AMRT.MA,136.263
Tunisia,TUN,"Mortality rate, adult, female (per 1,000 female adults)",SP.DYN.AMRT.FE,76.336
Turkiye,TUR,"Mortality rate, adult, male (per 1,000 male adults)",SP.DYN.AMRT.MA,167.93
Turkiye,TUR,"Mortality rate, adult, female (per 1,000 female adults)",SP.DYN.AMRT.FE,75.909
Turkmenistan,TKM,"Mortality rate, adult, male (per 1,000 male adults)",SP.DYN.AMRT.MA,281.17
Turkmenistan,TKM,"Mortality rate, adult, female (per 1,000 female adults)",SP.DYN.AMRT.FE,150.549
Turks and Caicos Islands,TCA,"Mortality rate, adult, male (per 1,000 male adults)",SP.DYN.AMRT.MA,121.006
Turks and Caicos Islands,TCA,"Mortality rate, adult, female (per 1,000 female adults)",SP.DYN.AMRT.FE,89.454
Tuvalu,TUV,"Mortality rate, adult, male (per 1,000 male adults)",SP.DYN.AMRT.MA,328.394
Tuvalu,TUV,"Mortality rate, adult, female (per 1,000 female adults)",SP.DYN.AMRT.FE,240.493
Uganda,UGA,"Mortality rate, adult, male (per 1,000 male adults)",SP.DYN.AMRT.MA,514.479
Uganda,UGA,"Mortality rate, adult, female (per 1,000 female adults)",SP.DYN.AMRT.FE,440.994
Ukraine,UKR,"Mortality rate, adult, male (per 1,000 male adults)",SP.DYN.AMRT.MA,362.892
Ukraine,UKR,"Mortality rate, adult, female (per 1,000 female adults)",SP.DYN.AMRT.FE,130.87
United Arab Emirates,ARE,"Mortality rate, adult, male (per 1,000 male adults)",SP.DYN.AMRT.MA,126.548
United Arab Emirates,ARE,"Mortality rate, adult, female (per 1,000 female adults)",SP.DYN.AMRT.FE,95.695
United Kingdom,GBR,"Mortality rate, adult, male (per 1,000 male adults)",SP.DYN.AMRT.MA,105.896
United Kingdom,GBR,"Mortality rate, adult, female (per 1,000 female adults)",SP.DYN.AMRT.FE,64.844
United States,USA,"Mortality rate, adult, male (per 1,000 male adults)",SP.DYN.AMRT.MA,144.378
United States,USA,"Mortality rate, adult, female (per 1,000 female adults)",SP.DYN.AMRT.FE,83.72
Upper middle income,UMC,"Mortality rate, adult, male (per 1,000 male adults)",SP.DYN.AMRT.MA,180.701360926681
Upper middle income,UMC,"Mortality rate, adult, female (per 1,000 female adults)",SP.DYN.AMRT.FE,107.45827878118
Uruguay,URY,"Mortality rate, adult, male (per 1,000 male adults)",SP.DYN.AMRT.MA,170.307
Uruguay,URY,"Mortality rate, adult, female (per 1,000 female adults)",SP.DYN.AMRT.FE,86.805
Uzbekistan,UZB,"Mortality rate, adult, male (per 1,000 male adults)",SP.DYN.AMRT.MA,253.417
Uzbekistan,UZB,"Mortality rate, adult, female (per 1,000 female adults)",SP.DYN.AMRT.FE,149.584
Vanuatu,VUT,"Mortality rate, adult, male (per 1,000 male adults)",SP.DYN.AMRT.MA,213.598
Vanuatu,VUT,"Mortality rate, adult, female (per 1,000 female adults)",SP.DYN.AMRT.FE,146.624
"Venezuela, RB",VEN,"Mortality rate, adult, male (per 1,000 male adults)",SP.DYN.AMRT.MA,198.731
"Venezuela, RB",VEN,"Mortality rate, adult, female (per 1,000 female adults)",SP.DYN.AMRT.FE,96.198
Viet Nam,VNM,"Mortality rate, adult, male (per 1,000 male adults)",SP.DYN.AMRT.MA,199.725
Viet Nam,VNM,"Mortality rate, adult, female (per 1,000 female adults)",SP.DYN.AMRT.FE,84.219
Virgin Islands (U.S.),VIR,"Mortality rate, adult, male (per 1,000 male adults)",SP.DYN.AMRT.MA,190.571
Virgin Islands (U.S.),VIR,"Mortality rate, adult, female (per 1,000 female adults)",SP.DYN.AMRT.FE,86.652
West Bank and Gaza,PSE,"Mortality rate, adult, male (per 1,000 male adults)",SP.DYN.AMRT.MA,176.533
West Bank and Gaza,PSE,"Mortality rate, adult, female (per 1,000 female adults)",SP.DYN.AMRT.FE,119.774
World,WLD,"Mortality rate, adult, male (per 1,000 male adults)",SP.DYN.AMRT.MA,213.75275312836
World,WLD,"Mortality rate, adult, female (per 1,000 female adults)",SP.DYN.AMRT.FE,142.223834543987
"Yemen, Rep.",YEM,"Mortality rate, adult, male (per 1,000 male adults)",SP.DYN.AMRT.MA,234.373
"Yemen, Rep.",YEM,"Mortality rate, adult, female (per 1,000 female adults)",SP.DYN.AMRT.FE,171.999
Zambia,ZMB,"Mortality rate, adult, male (per 1,000 male adults)",SP.DYN.AMRT.MA,571.009
Zambia,ZMB,"Mortality rate, adult, female (per 1,000 female adults)",SP.DYN.AMRT.FE,539.884
Zimbabwe,ZWE,"Mortality rate, adult, male (per 1,000 male adults)",SP.DYN.AMRT.MA,728.765
Zimbabwe,ZWE,"Mortality rate, adult, female (per 1,000 female adults)",SP.DYN.AMRT.FE,674.352
,,,,
,,,,
,,,,
Data from database: World Development Indicators,,,,
Last Updated: 12/16/2024,,,,
